idConsulta,preguntas_similares,Posicion
1,"Cuales son las condiciones para presentarse a un concurso?
¿Qué requisitos hay que cumplir para participar en una competencia académica?
¿Cuáles son los criterios para acceder a un proceso de selección?",-1
2,"Quién debe regir la convocatoria para la designación por concurso de profesores ordinarios?
¿Qué autoridad es responsable de emitir la convocatoria para el proceso de selección de profesores titulares mediante concurso?
¿Quién tiene la competencia para llamar a concurso para la contratación de profesores regulares?",1
3,"Cómo se publicita un llamado a concurso?
Cómo se difunde un anuncio de concurso?
Cómo se divulga un aviso de selección",1
4,"Qué contenido tienen los anuncios?
¿Cuál es la información que se incluye en los boletines?
¿Qué tipo de mensajes se publican en el tablero de anuncios?",1
5,"Cuales son los requisitos para los aspirantes a un concurso?
¿Qué condiciones deben cumplir los candidatos para participar en una convocatoria?
¿Cuáles son los criterios que deben satisfacer los postulantes para acceder a un proceso de selección?",1
6,"Cuales son los plazos de inscripción?
¿Cuáles son los períodos de matrícula?
¿Qué fechas tienen vigencia para la admisión?",1
7,"En dónde se realizan las inscripciones?
¿Dónde tienen lugar los trámites de matrícula?
¿En qué ubicación se efectúan las formalidades para ingresar?",1
8,"Que documentación deben presentar los aspirantes a un concurso?
Qué expedientes deben entregar los candidatos en un proceso competitivo?
Qué archivos deben remitir los solicitantes para participar en una prueba de selección?",1
9,"Cuales son los requisitos ante inscripciones múltiples? 
¿Qué condiciones se deben cumplir en caso de solicitudes de matrícula repetidas?
¿Cuáles son los procedimientos a seguir al presentar varias solicitudes de admisión?",1
10,"Que se hace en el cierre de inscripción?
¿Qué medidas se toman al finalizar la fecha límite para la matrícula?
¿Cómo se procede con los estudiantes que no han completado su registro dentro del plazo establecido?",1
11,"Que se realiza en la exhibición de nómina de aspirantes
Qué actividades se llevan a cabo durante la presentación de lista de candidatos
Qué procedimientos se siguen en el mostrado de lista de postulantes",4
12,"Quienes pueden ejercer el derecho de impugnar la participación en el concurso de los aspirantes?
Quienes tienen derecho a cuestionar la participación en el concurso de los candidatos?
Quienes pueden reclamar la revisión de la participación en el concurso de los solicitantes?",2
13,"Que consecuencias tiene la interposición de la impugnación?
¿Qué efectos tiene la presentación de una reclamación en el proceso administrativo de la universidad?
¿Cuáles son las consecuencias de la formulación de un recurso en el procedimiento académico?",2
14,"Que tiene que pasar para que el consejo directivo excluya a un aspirante?
Qué condiciones deben cumplirse para que la junta directiva rechace al solicitante?
Qué procedimientos deben seguirse para que el comité de admisión elimine al candidato?",-1
15,"Que organismo designa a los integrantes del jurado?
El comité académico es responsable de designar a los miembros del panel de jueces.
La junta directiva de la universidad selecciona a los participantes en el jurado.",1
16,"Que condiciones deben reunir los integrantes del jurado?
Miembros del panel qué requisitos deben cumplir
Comisionados qué características deben tener",1
17,"Cómo se realiza la recusasión de los miembros del jurado?
Cómo se lleva a cabo la exclusión de los miembros del tribunal?
Cómo se procede con la eliminación de los miembros del panel de jueces?",3
18,"Cuales son los causales de recusasión para algún aspirante?
¿Cuáles son los motivos de exclusión para un postulante?
¿Qué razones justifican la descalificación de un candidato?",-1
19,"Qué organismo resuelve las recusasiones y excusasiones del jurado?
¿Cuál es la instancia que atiende a los recursos y justificaciones presentadas por el jurado?
¿Quién o qué comité se encarga de resolver las objeciones y disculpas formuladas por el jurado?",5
20,"Quien reemplaza a un jurado recusado o excusado?
¿Quién sustituye al miembro del tribunal que ha sido recusado o excusado?
¿Qué persona toma el lugar de un miembro del panel que ha sido recusado o excusado?",1
21,"Que presencia hace falta para que el jurado funciones válidamente?
¿Qué participación es necesaria para que la junta de examinadores opere correctamente?
¿Cuál es la asistencia requerida para que el tribunal funcione adecuadamente?",1
22,"Que antelación tiene que haber para realizar un sorteo del tema y orden de exposición?
¿Cuánto tiempo debe transcurrir antes de llevar a cabo un sorteo para determinar el tema y la secuencia de presentaciones?
¿Qué plazo previo es necesario para efectuar un sorteo destinado a establecer el tema y el orden de las exposiciones?",1
23,"Cuales son las pautas para la evaluación de un aspirante?
¿Cuáles son los criterios para la valoración de un candidato?
¿Qué procedimientos se deben seguir para la selección de un postulante?",2
24,"Cuanto tiempo debe pasar para notificar las conclusiones del dictamen del jurado?
¿Hasta qué momento se deben comunicar los resultados del veredicto del panel de expertos?
¿Qué plazo máximo es necesario para informar las decisiones del fallo del tribunal estudiantil?",1
25,"A cargo de que organismo está la designación de profesores por concurso?
A cargo de qué institución se realiza la selección de docentes mediante concurso?
A cargo de qué departamento se efectúa el proceso de contratación de profesores a través de un concurso.",2
26,"Qué sucede cuando existen reales dificultades para obtener miembros del jurado?
¿Qué ocurre cuando hay problemas serios para seleccionar integrantes del tribunal?
¿Qué medidas se toman cuando es difícil conseguir jueces para un procedimiento?",7
27,"Que se realiza ante la aparición de una nueva vacante o puesto curricular?
Se abre un proceso de selección para cubrir dicha posición.
Se inicia el procedimiento de contratación para ocupar el puesto disponible.",1
28,"Qué carácter tienen las solicitudes de inscripción a un concurso docente?
¿Cuál es la naturaleza de los pedidos de participación en un concurso docente?
¿Qué tipo de peticiones se presentan para acceder a un concurso docente?",-1
29,"Quienes pueden recusar a los miembros del jurado?
Quienes tienen derecho a excusar a los miembros del tribunal?
Quienes pueden excluir a los miembros del panel de jueces?",-1
30,"Quien resuelve las excusasiones y recusaciones 
¿Quién atiende a los estudiantes que solicitan justificaciones para ausentarse?
¿A quién se dirigen los estudiantes con peticiones de exención o retraso en la entrega de tareas?",2
31,"Que actividades no puede realizar un alumno en categoría pasivo?
Qué acciones no está permitida a un estudiante con condición de inactivo?
Qué procedimientos no puede llevar a cabo un alumno en situación de suspensión?",1
32,"Hasta cuando se mantiene la regularidad de la asignatura?
Hasta qué momento se garantiza la continuidad del curso académico.
¿Cuándo se asegura el cumplimiento de los requisitos formativos?",2
33,"Que implica la pérdida de regularidad?
¿Qué consecuencias tiene la falta de cumplimiento académico?
¿Cuáles son los efectos del incumplimiento de las normas universitarias?",2
34,"Que es un alumno vocacional?
¿Qué significa ser un estudiante de carrera en una facultad universitaria?
¿Quién es un estudiante de opción en el contexto académico de una institución educativa?",1
35,"Que derechos tiene un alumno vocacional?
¿Qué prerrogativas tiene un estudiante profesional?
¿Qué facultades tiene un estudiante técnico?",3
36,"Como puede aprobar una asignatura un alumno regular?
Cómo puede aprobar un curso un estudiante matriculado?
Cómo puede obtener aprobado un módulo un alumno inscrito.",6
37,"Como puede aprobar una materia un alumno libre?
Cómo puede aprobar un curso un estudiante independiente?
Cómo puede obtener aprobación en una asignatura un alumno no matriculado?",1
38,"Como se expresa la calificación final de una asignatura?
Cómo se determina la nota final de un curso académico?
Cómo se calcula el puntaje final de una materia universitaria?",1
39,"Quienes pueden solicitar equivalencias de algunas asignaturas?
Estudiantes que desean solicitar equivalencias de algunas asignaturas
Personal académico que necesita evaluar solicitudes de equivalencia de asignaturas",3
40,"Que tipo de ámbitos son los consejos de carrera?
¿Qué categorías de áreas abarcan los comités de orientación académica?
¿Qué tipos de espacios cubren los consejos de carrera?",-1
41,"Que datos contienen los anuncios?
¿Qué información incluyen los boletines?
¿Qué detalles se publican en los comunicados?",1
42,"Quien esta a cargo de la difusion del llamado a concurso?
¿Quién es responsable de la publicación del anuncio de concurso?
¿A quién corresponde el envío del comunicado para convocar un concurso?",1
43,"Cual es el periodo de inscripcion a la convocatoria?
¿Cuándo se abre el plazo para solicitar admisión en la convocatoria?
¿Qué fechas son relevantes para la inscripción a la convocatoria?",2
44,"Como realizo mi solicitud de inscripcion?
Cómo hago la tramitación para matricularme en la facultad?
Cómo presento mi postulación para ingresar a la universidad?",4
45,"Cuando presento el planificación de la cátedra?
Cuando presento el proyecto de la plaza docente?
Cuando presento el esquema de la asignatura?",2
46,"Puedo presentarme a mas de un concurso?
Puedo participar en más de una convocatoria?
Puedo inscribirme en varios procesos selectivos?",2
47,"Puede un apoderado intervenir en mis tramites?
Puede un tutor intervenir en mis procedimientos?
Puede un representante legal intervenir en mis asuntos?",1
48,"Como se designa al jurado?
Cómo se selecciona la comisión de examinadores?
Cómo se forma el panel de jueces?",1
49,"Como se compone el jurado?
¿Cómo está integrado el tribunal?
¿Qué miembros componen la junta?",-1
50,"Cuales son las causales de recusacion de un miembro del jurado?
¿Cuáles son los motivos para excluir a un miembro del panel de jueces?
¿Qué razones justifican la exclusión de un miembro del tribunal?",1
51,"Como evalúa el jurado al aspirante?
Cómo califica el panel de expertos al candidato?
Cómo determina la comisión evaluadora al postulante?",7
52,"Quienes participan en la deliberacion del jurado?
Miembros del panel de examinadores
Comités académicos",1
53,"Puede haber mas de un aspirante con el mismo merito?
Puede haber más de un candidato con la misma calificación?
Puede haber más de un postulante con igualdad de méritos?",1
54,"Que restricciones tiene un alumno pasivo?
¿Qué limitaciones enfrenta un estudiante inactivo?
¿Cuáles son los obstáculos que conoce un alumno ausente?",6
55,"Que podra realizar un alumno activo?
¿Qué actividades puede desarrollar un estudiante comprometido?
¿Qué acciones puede llevar a cabo un estudiante motivado?",-1
56,"Cuanto tiempo se mantiene la regularidad en una asignatura?
¿Hasta qué momento se garantiza la continuidad académica en un curso?
¿Qué plazo se establece para mantener el ritmo de estudio en una materia?",1
57,"De que consta la perdida de la regularidad?
¿En qué se traduce la pérdida de la condición académica?
¿Qué circunstancias determinan el incumplimiento del requisito estudiantil?",3
58,"Que esta habilitado a realizar un alumno libre?
¿Qué estudiante tiene derecho a solicitar una exención académica?
¿Quién puede beneficiarse de la dispensa de cursos obligatorios?",3
59,"En que momento se da a conocer la condiicon de cada alumno?
Cuándo es informada la situación académica de cada estudiante?
Cuándo se comunica el estado escolar de cada alumno?",-1
60,"Cuantos turnos de examenes finales se dictan por año lectivo?
¿Cuántas sesiones de exámenes finales se llevan a cabo durante cada período académico?
¿Qué número de períodos de evaluación final se establecen para cada ciclo escolar?",2
61,"Que contiene un acta de evaluacion?
Qué incluye un informe de evaluación?
Qué se registra en un documento de calificación?",3
62,"Como se lleva control de asignaturas correlativas?
Cómo se gestiona el seguimiento de cursos conexos?
Cómo se administra la supervisión de materias relacionadas?",1
63,"Con que categorias de docentes universitarios cuenta la Facultad?
Con qué tipos de profesores académicos cuenta la Facultad?
Con qué clases de personal docente se encuentra presente en la Facultad?",1
64,"Cuales son las normas para el dictado de clases?
¿Cuáles son los protocolos para la impartición de cursos?
¿Qué reglas se deben seguir en la enseñanza académica?",1
65,"Como se determina la condicion de los alumnos?
Cómo se establece la situación académica de los estudiantes?
Cómo se define el estado de los alumnos en la institución.",4
66,"Quienes estan habilitados a ingresar a la ensenanza de grado?
¿Quiénes tienen acceso a cursar programas de pregrado?
¿A quién se permite matricularse en carreras universitarias?",-1
67,"Cuales son los derechos del estudiante?
¿Qué beneficios legales gozan los alumnos en la institución académica?
¿Cuáles son los privilegios que corresponden a los estudiantes dentro de la comunidad universitaria?",-1
68,"Que requisitos se especifican para ser docente?
¿Qué condiciones académicas y profesionales deben cumplirse para ser profesor titular?
¿Cuáles son los criterios establecidos para ser profesorado?",-1
69,"Cuales son las condiciones para acceder a la formación de posgrado?
¿Qué requisitos deben cumplir los estudiantes para ser admitidos en programas de maestría o doctorado?
¿Cuáles son los criterios para obtener acceso a cursos de especialización o diplomados?",5
70,"De que se encarga el estado provincial?
¿Qué responsabilidades tiene la administración pública en la gestión de la facultad universitaria?
¿A qué áreas del gobierno provincial está asignada la supervisión y regulación de los procedimientos académicos?",-1
71,"Cuales son los objetivos de la educacion superior?
¿Cuáles son los fines de la enseñanza superior?
¿Qué propósitos tiene la formación académica?",1
72,"Cuales son las modalidades del sistema educativo?
¿Cuáles son los métodos del plan de estudios?
¿Qué formas tiene el currículo académico?",2
73,"Cuales son los organos del gobierno universitario?
¿Qué estructuras componen la administración universitaria?
¿Cuáles son las instancias que dirigen la vida académica y administrativa de la institución?",1
74,"Quienes integran el consejo superior?
Miembros que componen la junta directiva
Comités que forman parte del cuerpo administrativo",-1
75,"Quienes integran el consejo directivo?
Miembros del comité ejecutivo
Composición del órgano de gobierno",2
76,"Cuales son las funciones del consejo directivo?
¿Cuáles son los cometidos del órgano colegiado?
¿Qué responsabilidades tiene el cuerpo administrativo?",-1
77,"Cuales son los requsitos para ser decano de la Facultad?
¿Qué condiciones deben cumplir los candidatos para ocupar el cargo de director de la Facultad?
¿Cuáles son los requisitos necesarios para ser titular de la cátedra de la Facultad?",2
78,"Cuales son las funciones del decano?
¿Cuáles son los deberes y responsabilidades del decano?
¿Qué tareas y obligaciones tiene el decano en la universidad?",-1
79,"Que categorias de estudiantes reconoce la facultad?
¿Qué tipos de alumnos admite la facultad?
¿Cuáles son los grupos de alumnado que la facultad tiene en cuenta?",3
80,"Cuales son las formas de realizar la docencia?
¿Qué métodos se utilizan para impartir conocimiento en la institución académica?
¿Cómo se lleva a cabo el proceso educativo en la universidad?",2
81,"De que consta la docencia regular?
¿Qué elementos componen la enseñanza ordinaria?
¿Cuáles son los componentes de la instrucción habitual?",1
82,"De que consta la docencia libre?
¿Qué elementos componen la enseñanza libre?
¿Cuáles son los componentes de la educación libre?",1
83,"De que manera se fomenta el desarrollo de la investigacion?
Cómo se promueve el avance en los estudios y proyectos académicos?
Cómo se estimula la creación de conocimiento y nuevas ideas dentro del entorno universitario?",1
84,"Cual es el fondo universitario?
¿Cuál es la reserva financiera de la institución educativa?
¿Qué cantidad de dinero se destina a la administración y gestión de la universidad?",1
85,"Que cargos son incompatibles?
Qué funciones son incompatibles?
Qué puestos son incompatibles?",2
86,"Cuales son las medidas ante la ausencia de un docente?
¿Qué acciones se toman en caso de faltas de profesores?
¿Cómo se abordan los vacíos académicos causados por la inasistencia de un instructor?",1
87,"Cual es el objetivo de la tesis de cada alumno?
¿Cuál es el propósito de la investigación académica para cada estudiante?
¿Qué es lo que se busca lograr con la presentación de la investigación doctoral en nuestra institución?",-1
88,"Que es la tesis del estudiante?
¿Cuál es el propósito de la investigación académica del estudiante?
¿Qué es el trabajo final de investigación del alumno?",1
89,"Cual es el plazo para la presentacion de la tesis?
¿Cuándo debe ser entregada la investigación doctoral?
¿En qué fecha se deben cumplir los requisitos para la defensa de la tesis?",3
90,"Qué obligaciones tienen los padres o tutores de los alumnos ?
Qué responsabilidades asumen los progenitores o custodios de los estudiantes?
Qué deberes cumplen los representantes legítimos de los alumnos?",1
91,"Que derechos tienen los padres o tutores de los alumnos ?
¿Qué prerrogativas tienen los progenitores o representantes legales de los estudiantes?
¿Cuáles son los derechos y deberes de los encargados de la custodia de los alumnos?",1
92,"Que deberes tienen los trabajadores de la educación?
¿Qué responsabilidades tienen los docentes en la institución académica?
¿Cuáles son los deberes y obligaciones de los profesores universitarios?",3
93,"Cuales son los objetivos de la educación especial?
¿Cuáles son los fines de la enseñanza especializada?
¿Qué propósitos tiene el programa de educación para estudiantes con necesidades especiales?",2
94,"Cuales son las funciones de las universidades?
¿Cuáles son los cometidos de las instituciones educativas?
¿Qué tareas cumplen las casas de estudios?",-1
95,"Cuales son los objetivos de la educación de adultos?
¿Cuáles son los fines de la capacitación para adultos?
¿Qué propósitos tiene el programa de educación continua?",1
96,"Que tiene la formación docente como objetivos?
Qué propósitos tiene la capacitación pedagógica?
Qué fines tiene el entrenamiento académico?",2
97,"Cuales son los derechos de los educandos?
¿Qué beneficios tienen los estudiantes en la institución académica?
¿Cuáles son los privilegios de los alumnos dentro del campus universitario?",5
98,"Que se verifica en la evaluación  de la calidad en el sistema educativo?
¿Qué aspectos se evalúan para garantizar la excelencia académica dentro del entorno universitario?
¿Cuáles son los indicadores que se utilizan para medir y mejorar la calidad de la educación ofrecida por la institución?",1
99,"Qué tiene como objetivos la educación de posgrado?
¿Cuáles son los fines principales de la capacitación avanzada en la institución?
¿A qué se dirigen los programas de formación superior?",-1
100,"Cuales son los deberes de los trabajadores de la educación?
¿Cuáles son las responsabilidades de los docentes y personal académico en la institución universitaria?
¿Qué obligaciones tienen los profesores y personal administrativo dentro del marco de la educación superior?",4
101,"Qué verificará la evaluación de la calidad en el sistema educativo
¿Qué aspectos del rendimiento académico se analizarán durante la revisión de la eficacia institucional?
¿Cuál es el proceso que seguirá para determinar la idoneidad del currículo y los métodos pedagógicos?",1
102,"Qué deberá hacer el El Poder Ejecutivo nacional, a través del ministerio específico?
Qué deberá realizar el Gobierno nacional, mediante la secretaría correspondiente?
Qué deberá ejecutar el Estado nacional, a través de la dirección ministerial relevante?",1
103,"Cuál es la misión del Consejo Federal de Cultura y Educación?
¿Cuál es el propósito del Órgano Superior de Gestión Académica?
¿Cuál es el objetivo principal del Directorio Universitario?",-1
104,"Cuáles son las funciones del Consejo Federal de Cultura y Educación?
¿Qué cometidos tiene el Consejo Federal de Cultura y Educación?
¿Cuál es la responsabilidad principal del Consejo Federal de Cultura y Educación?",1
105,"Cuáles son los organos que se compone el Consejo Federal de Cultura y Educación?
¿Qué instituciones componen el Consejo Federal de Cultura y Educación?
¿Cuál es la composición del órgano rector del Consejo Federal de Cultura y Educación?",2
106,"De que dos Consejos Consultivos recibirá apoyo el Consejo Federal de Cultura y Educación?
De qué dos Asesorías Recibirá asistencia el Consejo Federal de Cultura y Educación?
De qué dos Juntas Asesores recibirá respaldo el Consejo Federal de Cultura y Educación?",1
107,"Qué atribuciones tienen las autoridades componententes de las provincias y de la municipalidad de la Ciudad de Buenos Aires?
Qué competencias tienen los organismos representativos de las provincias y del gobierno local de la Ciudad Autónoma de Buenos Aires?
Qué facultades tienen las entidades gubernamentales de las provincias y de la ciudad autónoma de Buenos Aires en relación con la universidad?",2
108,"Con que finalidad financia el Poder Ejecutivo nacional los programas especiales de desarrollo educativo? 
¿A qué propósito destina el Poder Ejecutivo nacional los fondos para los programas de capacitación académica?
¿Con qué objetivo asigna el gobierno nacional los recursos para los proyectos de mejora educativa?",1
109,"Que acordaron El Ministerio de Cultura y Educación y las autoridades educativas de las provincias y de la Municipalidad de la Ciudad de Buenos Aires con el seno del Consejo Federal de Cultura y Educación?
Qué acuerdo alcanzaron El Ministerio de Cultura y Educación y las autoridades educativas de las provincias y de la Municipalidad de la Ciudad de Buenos Aires con el seno del Consejo Federal de Cultura y Educación?
Qué convenio firmaron El Ministerio de Cultura y Educación y las autoridades educativas de las provincias y de la Municipalidad de la Ciudad de Buenos Aires con el seno del Consejo Federal de Cultura y Educación?",3
110,"El presupuesto de la administración pública nacional 1993 sera inferior a cual presupuesto?
El presupuesto del gobierno central 1993 sera menor que cuál presupuesto?
El presupuesto del Estado 1993 será más bajo que cuál presupuesto?",1
111,"Las disposiciones de esta ley son aplicables a todos los niveles y regímenes especiales educativos con excepción cuales artículos?
Las disposiciones de esta normativa son aplicables a todos los grados y modalidades académicas con exclusión de cuáles estatutos?
Las disposiciones de esta regulación son aplicables a todos los cursos y programas educativos especiales con excepción de qué preceptos?",5
112,"Que derechos tienen los padres o tutores de los alumnos/as?
¿Qué prerrogativas tienen los progenitores o representantes legales de los estudiantes?
¿Cuáles son los derechos y deberes de los encargados de la tutela de los alumnos en la institución universitaria?",1
113,"Que obligaciones tienen los padres o tutores de los alumnos/as?
¿Qué responsabilidades asumen los progenitores o encargados legales de los estudiantes?
¿Cuáles son las obligaciones que recaen sobre los representantes legales de los alumnos?",1
114,"Cuales derechos de todos los trabajadores/as de la educación del ámbito estatal y privado se resguardarán?
Cuales prerrogativas de todos los docentes y personal administrativo de la educación pública y privada se protegerán?
Cuales garantías legales de todos los empleados de la educación pública y privada se preservarán?",1
115,"Cuales son los deberes de los trabajadores de la educación?
¿Cuáles son las responsabilidades de los docentes y personal académico en la institución universitaria?
¿Qué obligaciones tienen los profesores y personal administrativo dentro del marco de la educación superior?",4
116,"Que deberán garantizar el Ministerio de Cultura y Educación de la Nación, las provincias y la Municipalidad de la Ciudad de Buenos Aires?
Qué deberán asegurar el Departamento de Educación Nacional, los Gobiernos Provinciales y el Concejo Deliberante de la Ciudad Autónoma de Buenos Aires?
Qué deberán cumplir con el Ministerio de Cultura y Educación de la Nación, las provincias y la Municipalidad de la Ciudad de Buenos Aires?",3
117,"Cuales son las funciones del Responsible?
¿Cuáles son las responsabilidades del Responsable?
¿Qué tareas realiza el Encargado?",-1
118,"Que confeccionará para cada carrera de cada sede y/o subsede el Departamento Personal de la Facultad?
El equipo administrativo responsable de personal será quien lo prepare.
La oficina encargada de recursos humanos elaborará este documento.",2
119,"Cómo será la emisión del voto?
Cómo se realizará la distribución de los votos?
Cómo se llevará a cabo el proceso de asignación de votaciones?",7
120,"Durante cuantos días sera la emisión de votos?
Durante cuántas jornadas se realizará el proceso de sufragio?
Durante cuánto tiempo estará disponible la opción para emitir voto.",6
121,"Que deberá presentar para la emisión del voto el sufragante?
¿Qué documento debe aportar el elector para que se le permita emitir su voto?
¿Cuál es el requisito documental que debe cumplir el votante para participar en el proceso electoral?",2
122,"Cuáles seran las funciones de los consejos de carrera?
¿Qué cometidos tendrán los comités de orientación académica?
¿Qué responsabilidades asumirán los grupos de seguimiento estudiantil?",5
123,"Cuantos años duraran en sus funciones los representantes del Consejo de carrera?
¿Cuánto tiempo permanecerán en su cargo los miembros del Comité Académico?
¿Durante cuántos años ejercerán influencia los delegados del Foro Estudiantil?",1
124,"Cuales son los objetivos de la Educación Especial?
¿Cuáles son los fines de la Formación Educativa Especializada?
¿Qué propósitos tiene el Programa de Atención Educativa Especial?",2
125,"Cuales son los objetivos de la Educación de Adultos?
¿Cuáles son los fines de la Formación Continua?
¿Qué propósitos tiene el Programa de Educación para Jóvenes y Adultos?",2
126,"Cuales son las funciones de las autoridades educativas oficiales?
¿Cuáles son los roles de las instituciones académicas responsables?
¿Qué tareas cumplen las administraciones universitarias designadas?",-1
127,"Cuales son las obligaciones del El Estado nacional, las provincias y la Municipalidad de la Ciudad de Buenos Aires?
¿Cuáles son los deberes del Gobierno federal, las jurisdicciones provinciales y el Ayuntamiento de la Ciudad Autónoma de Buenos Aires?
¿Qué responsabilidades asumen el Poder Nacional, las Provincias y el Municipio de la Ciudad Autónoma de Buenos Aires?",3
128,"Cuales son los derechos de los educandos?
¿Qué beneficios tienen los estudiantes en la institución académica?
¿Cuáles son los privilegios de los alumnos dentro del campus universitario?",5
129,"Cuales son los objetivos de la formacion docente?
¿Cuáles son los fines de la capacitación pedagógica?
¿Qué propósitos tiene el desarrollo profesional del personal académico?",7
130,"Cual es el plazo sugerido para la presentacion del trabajo a partir de la presentacion de la propuesta?
¿Cuál es el período recomendado para la entrega del proyecto después de la presentación de la idea inicial?
¿Qué fecha límite se sugiere para la presentación final del trabajo luego de la presentación de la propuesta?",1
131,"Quienes son los integrantes del jurado de la tesis
¿Quiénes forman parte del panel de examinadores de la tesis?
¿Cuáles son los miembros del comité revisor de la tesis?",1
132,"Por donde debe ser avisada la fecha de presentación de la tesis de licenciatura? 
¿A través de qué canales administrativos debe ser comunicada la fecha límite para la entrega de la memoria final de los estudiantes de pregrado?
¿Cómo y a quién se debe notificar oficialmente la fecha de conclusión del trabajo de investigación de los graduados?",1
133,"Por quien sera establecido el grado académico o profesional mínimo de los asesores de tesis?
Por qué persona será determinado el título académico o profesional mínimo de los guías de investigación?
Por quién se establecerá la calificación mínima profesional para los directores de proyectos finales?",1
134,"Por quien sera establecido el el nombre y contenidos específicos de cada capítulo
Por quién será determinado el título y los detalles precisos de cada sección
Por qué persona o comité será definido el encabezado y la información específica para cada parte del reglamento",1
135,"Quien es la responsable de administrar el proceso de tesis para los alumnos inscriptos en las asignaturas pertienentes y/o candidatos al grado en proceso de titulación?
¿Quién es el encargado del seguimiento y supervisión del proceso de investigación para estudiantes matriculados en cursos relacionados y aspirantes a la graduación?
¿A quién corresponde la gestión del procedimiento de tesis para los alumnos inscritos en materias afines y candidatos al título en trámite de convalidación?",2
136,"Quienes pueden ejercer la docencia libre?
Profesores que tienen permiso para enseñar sin restricciones
Personal académico con autorización para impartir cursos",1
137,"Cuales son las funciones del consejo de investigadores?
¿Cuáles son los cometidos del comité de investigación?
¿Qué responsabilidades tiene el grupo de expertos en investigación?",2
138,"Que se requiere para ser electo Responsable de Carrera?
¿Qué condiciones son necesarias para ser elegido como Director de Carrera?
¿Cuáles son los requisitos para ser designado Coordinador Académico?",1
139,"Cuales son los bienes de la universidad?
¿Qué propiedades posee la institución académica?
¿Cuáles son los activos de la facultad?",-1
140,"Que constituye el fondo univsersitario?
¿Qué elementos componen la reserva universitaria?
¿Cuáles son los componentes del patrimonio institucional?",1
141,"Que se requiere para ser electo como representantes docentes en el consejo de carrera?
¿Qué condiciones deben cumplirse para ser elegidos como voceros académicos en la junta de estudios?
¿Cuáles son los requisitos necesarios para ser seleccionados como delegados profesores en el consejo universitario?",1
142,"Para que será utilizado el fondo universitario?
¿Para qué propósito se destinará la reserva presupuestaria de la institución?
¿Cómo se utilizarán los recursos financieros asignados a la facultad?",3
143,"Para que no puede ser utilizado el fondo universitario?
Para qué fines no se permite utilizar los recursos institucionales?
Para qué propósitos no está permitido acceder al patrimonio académico?",3
144,"En qué consiste la docencia libre?
¿Qué es lo que caracteriza a un curso impartido por profesores libres?
¿Cómo se define y se lleva a cabo el proceso de enseñanza en entornos académicos donde los profesores tienen libertad para diseñar sus propios cursos?",1
145,"Quienes podran elegir a los docentes integrantes del consejo de carrera?
Quienes podrán seleccionar a los profesores miembros del consejo académico?
Quienes podrán designar a los educadores integrantes del comité de carrera?",2
146,"A qué le presta preferente atención la universidad?
A qué aspectos prioritarios se enfoca la institución académica?
A qué cuestiones principales dedica la universidad su atención principal?",6
147,"Qué se requiere para ser consejero estudiante?
¿Qué habilidades y cualificaciones son necesarias para ser asesor académico?
¿Cuáles son los requisitos para ser tutor universitario?",3
148,"Qué fomenta la universidad como centro de creación de conocimientos?
¿Qué impulsa la universidad como institución de investigación y desarrollo académico?
¿Qué estimula la universidad como espacio de innovación intelectual?",1
149,"Qué recibirá el Responsable de carrera electo como titular?
¿Qué beneficios obtendrá el Director de carrera elegido por votación?
¿Qué prerrogativas tendrá el Jefe de carrera escogido mediante elección?",2
150,"Qué sucede con un docente que falta a la cuarta parte de sus clases fijadas por el horario oficial sin causa?
Qué ocurre con un profesor que falta a la cuarta parte de sus sesiones programadas por el calendario académico sin justificación?
Qué consecuencias tiene para un instructor no asistir a la cuarta parte de sus lecciones previstas en el plan de clases oficial sin motivo?",1
151,"Cuál es la norma General?
Qué es la política principal?
Qué es la regla fundamental?",-1
152,"Que propondra cada Unidad Académica mediante Resolución del Consejo Directivo al Consejo Superior?
¿Qué propuestas presentará cada Facultad a través de una decisión del Consejo Directivo para su consideración por parte del Consejo Superior?
¿Qué planes y recomendaciones enviará cada Departamento a ser aprobados por el Consejo Directivo y luego remitidos al Consejo Superior?",1
153,"De quien estará a cargo la difusión del llamada concurso?
De quién será responsable la publicación del anuncio de concurso?
De quién se encargará la comunicación oficial sobre el proceso de selección.",1
154,"Dentro de cuantos dias podra publicar el Rectorado una vez aprobado el llamado a concurso?
Dentro de cuantos días puede hacerlo la Dirección Universitaria después de que se apruebe el anuncio del concurso.
Dentro de cuantos días podrá difundir la información el Decanato tras la aprobación del aviso para postular.",1
155,"Que contendrán sintéticamente los anuncios?
Noticias académicas y administrativas que se publicarán en los comunicados
Información sobre eventos, cursos y actividades universitarias que se transmitirán a través de los boletines.",1
156,"Cuales son las condiciones de los aspirantes?
¿Qué requisitos deben cumplir los solicitantes?
¿Cuáles son los criterios para los postulantes?",1
157,"Cual es el plazo de inscripcion
¿Cuál es la fecha límite para registrar mi matrícula?
¿En qué momento debe presentarse la solicitud de admisión?",-1
158,"Donde es la oficina de Inscripción?
¿Dónde se encuentra la Secretaría de Admisión?
¿En qué lugar está ubicada la Oficina de Registro?",2
159,"Cuáles son las solicitudes de Inscricpión?
¿Qué requisitos hay para la Matrícula?
¿Cuál es el procedimiento para la Inscripción?",4
160,"Cual es el Planeamiento de la Cátedra?
¿Cuál es el Plan Docente de la Sección Académica?
¿Qué Estrategia Curricular tiene la Sala de Clases?",6
161,"En que consiste la Presentación irregular y tardía?
¿Cuál es el significado de la Inscripción no programada y retrasada?
¿Qué implica la Matrícula anormal y atrasada?",1
162,"Qué sucede transcurridos 3 meses el cierre de la inscripción?
Qué ocurre después de tres meses del vencimiento del plazo de matrícula?
Qué consecuencias tiene el cumplimiento del plazo de registro después de tres meses.",1
163,"De que se trata el Apoderado?
¿Qué función cumple el Representante Legal en la institución universitaria?
¿En qué consiste el papel del Tutor Académico?",1
164,"De que se trata las Inscripciones Múltiples?
Matrículas Duplicadas
Inscripciones Reiteradas",1
165,"Cuando es el cierre de inscripción?
¿Cuándo termina la fecha límite para registrar?
¿A qué hora se cierra la matrícula?",1
166,"De que se trata la Exhibición de la nómina de aspirantes?
La publicación de la lista de candidatos a qué se refiere?
La presentación del registro de solicitantes ¿de qué se trata?",1
167,"De que se trata la Impugnación de los aspirantes?
Revisión de los candidatos
Reclamación de los postulantes",1
168,"Qué suspenderá la interposición de la impugnación?
¿Qué provocará la presentación de una reclamación?
¿Qué causará que se haga valer un recurso?",1
169,"Como sera la designacion del jurado?
Cómo se seleccionara el tribunal de juicio?
Cómo será la composición del panel de examinadores?",1
170,"Cuál es la composición del jurado?
¿Qué miembros integran el tribunal?
¿Quiénes forman parte del panel?",-1
171,"Qué condiciones deberán reunir los integrantes del jurado?
Miembros del panel de jueces
Comisionados del tribunal",1
172,"Que se debera notificar luego de ser designados los Jurados?
¿Qué comunicación es necesaria después de la selección de los miembros del tribunal?
¿A qué información deben ser informados los miembros del jurado tras su designación?",1
173,"Cuales son los derechos de los estudiantes de las instituciones estatales de educación superior?
¿Qué beneficios legales tienen los alumnos en las escuelas públicas de educación superior?
¿Cuáles son los privilegios de los estudiantes en las universidades gubernamentales?",2
174,"Cual es el requisito principal para acceder a la educacion de grado?
¿Cuál es el criterio fundamental para obtener admisión en un programa académico de pregrado?
¿Qué condición previa es necesaria para iniciar estudios universitarios?",-1
175,"Cuales son los objetivos de la Educacion Superior?
¿Cuáles son los fines de la Formación Universitaria?
¿Qué propósitos tiene el Sistema Educativo Superior?",2
176,"Que proporciona la educacion superior?
Qué ofrece la formación académica?
Qué brinda la enseñanza universitaria?",3
177,"Que es responsable de proveer el Estado Nacional?
Quién es el encargado de suministrar los recursos del Gobierno Central?
¿A quién corresponde la responsabilidad de proporcionar los fondos públicos?",3
178,"Que se debe acreditar para ser alumno auxiliar?
¿Qué requisitos hay que cumplir para ser estudiante ayudante?
¿Qué documentos son necesarios para ser asistente universitario?",1
179,"Se contaran dias no habiles en los terminos del Estatuto?
¿Se incluiran días festivos en los plazos establecidos por el Reglamento?
¿Se computarán días inhábiles dentro de los términos previstos por la Normativa?",3
180,"Quienes pueden suspender a los docentes?
Profesores que pueden suspender a los docentes?
Administradores que pueden suspender a los docentes?",3
181,"Que forma parte del fondo Universitario?
¿Qué recursos son parte del patrimonio institucional?
¿Cuáles son los activos que componen el tesoro universitario?",1
182,"Como se lleva a cabo la docencia libre?
Cómo se desarrolla la enseñanza autónoma?
Cómo se implementa el proceso de educación independiente?",1
183,"Quienes podran ejercer la docencia libre?
Profesores que podrán impartir clases sin restricciones
Personal académico autorizado para enseñar en libertad",1
184,"Cuales son las categorías de adscriptos para cátedras, proyectos de extensión y proyectos de investigación?
¿Qué tipos de colaboradores académicos se consideran adscriptos para cátedras, programas de extensión y proyectos investigativos?
¿Cuáles son los perfiles de personal asociado para cátedras, extensiones universitarias y proyectos de investigación?",1
185,"Quien podra publicar el trabajo final de un alumno?
¿Quién podría difundir el trabajo final de un estudiante?
¿Quién podría hacer pública la investigación final de un candidato?",1
186,"Como se evalua el trabajo final?
Cómo se califica la tarea final?
Cómo se juzga el proyecto final?",-1
187,"Que cualidades debe tener la tesis?
Trabajos investigativos que cualidades deben tener?
Investigaciones académicas que características deben cumplir?",-1
188,"Puede realizarse un cambio de director de tesis?
Puede haber una modificación del supervisor de investigación?
Puede efectuarse un reemplazo del tutor principal?",5
189,"En que momento puede realizarse correcciones al contenido del proyecto?
Cuándo se pueden efectuar ajustes en la materia del trabajo?
Cuándo es posible realizar modificaciones en el asunto del proyecto?",-1
190,"En que se basa la evaluacion de la propuesta de tesis?
En que se fundamenta la valoración de la propuesta de investigación?
En que criterios se sustenta la calificación de la propuesta doctoral?",1
191,"En que consiste la aprobacion de la propuesta de tesis?
¿Cuáles son los requisitos para la validación de la propuesta de investigación?
¿Qué procedimiento se sigue para la aprobación del proyecto de tesis?",1
192,"Que sucede cuando el alumno presenta en su tesis tecnologias totalmente nuevas?
¿Qué medidas se toman cuando un estudiante presenta innovaciones tecnológicas completamente novedosas en su investigación doctoral?
¿Cómo se aborda la presentación de avances tecnológicos radicalmente nuevos en una tesis de maestría o doctorado?",7
193,"Como se elige al director de la tesis?
Cómo se selecciona al supervisor de la investigación?
Cómo se designa al coordinador del proyecto académico?",1
194,"Quien propone la codireccion de la tesis?
Quién sugiere al co-director de la investigación?
Quién selecciona al codirector del proyecto de investigación?",-1
195,"Cuales son las normas para la presentacion de la tesis?
¿Cuáles son los requisitos para la entrega del trabajo final de investigación?
¿Qué procedimiento se debe seguir para la presentación y evaluación de la memoria?",2
196,"Cual es el plazo de presentacion de la tesis?
¿Cuál es el límite temporal para la entrega del trabajo final de investigación?
¿En qué fecha y hora debe ser recibido el documento de conclusión?",6
197,"Cual es el plazo de entrega de la tesis antes de la presentacion?
¿Cuál es el límite temporal para la entrega del trabajo final antes de su exposición pública?
¿En qué fecha y hora debe ser entregada la investigación previa a su defensa?",1
198,"Como es la emision de cualquier tipo de voto dentro de la Universidad?
Cómo se lleva a cabo la emisión de votos en el ámbito académico de la Universidad?
Cómo opera el proceso de sufragio dentro del marco institucional de la Universidad?",5
199,"Que sucede si hay empate en las elecciones de responsables de carrera?
¿Qué procedimiento se sigue en caso de igualdad en las votaciones para los representantes de programa académico?
¿Cómo se resuelve la situación cuando hay un empate en el conteo de votos para los cargos de coordinadores de departamento?",1
200,"Quien responde ante un aspecto no previsto en el reglamento?
Quién es responsable de abordar una situación inesperada dentro del marco normativo universitario?
Quién asume la responsabilidad de atender a un caso no contemplado en las disposiciones establecidas por la institución académica?",2
201,"De que consejos tiene apoyo  el consejo federal de cultura y educación?
De qué organismos tiene respaldo el comité académico de la facultad?
De qué asesorías cuenta con el directorio estudiantil?",2
202,"Quienes integran la comunidad educativa?
Miembros del personal académico y administrativo, estudiantes y otros involucrados en el proceso educativo.
Estudiantes, profesores y personal universitario que participan activamente en actividades académicas.",1
203,"A que se obligan el estado nacional, las provincias y la municipalidad de Buenos Aires?
A qué leyes y regulaciones están sujetas el gobierno federal, los gobiernos locales y la administración del distrito de Buenos Aires?
A qué normativa y procedimientos están obligadas la nación argentina, las jurisdicciones provinciales y la autoridad municipal de la ciudad autónoma de Buenos Aires?",3
204,"A que tienen derechos los docentes de las instituciones de gestión privada?
¿A qué profesores de las escuelas con administración privada les corresponden sus derechos?
¿Qué prerrogativas tienen los maestros en las universidades con manejo privado?",1
205,"Que promueven las autoridades educativas oficiales?
¿Qué objetivos impulsan las autoridades académicas oficialmente?
¿Qué principios fomentan las autoridades universitarias legítimas?",8
206,"Bajo que responsabilidad está la educación de posgrado?
Bajo qué obligación se encuentra la formación doctoral?
Bajo qué deber académico se encuentra la capacitación avanzada.",1
207,"Que tiene como objetivos la formación docente?
Qué programas tienen como objetivo desarrollar habilidades pedagógicas?
Qué iniciativas están diseñadas para mejorar la capacitación en enseñanza.",2
208,"Cuales son los objetivos del ciclo polimodal?
¿Cuáles son los fines del plan de estudios modalidad mixta?
¿Qué propósitos tiene el programa académico en formato híbrido?",3
209,"Que tiene como objetivos la educación inicial básica?
Qué propone como metas la formación primaria?
Qué establece como fines la enseñanza elemental.",1
210,"Como ha de ser el sistema educativo?
Cómo debe funcionar la estructura académica?
Cómo deberá organizarse el proceso formativo?",-1
211,"Que debe asegurar el sistema educativo a todos los habitantes del país?
Qué garantías debe brindar la institución educativa a toda la población nacional?
Qué beneficios deben proporcionar los programas académicos a todas las personas residentes en el país.",1
212,"Qué derechos deberá respetar el estado nacional?
Qué garantías deberá cumplir el gobierno central?
Qué principios fundamentales deberá observar la administración pública?",-1
213,"De quien son responsabilidad las acciones educativas?
De quién es la responsabilidad la impartición de conocimiento y habilidades académicas?
De quién es la responsabilidad el desarrollo curricular y pedagógico?",3
214,"Qué responsabilidad tiene el estado nacional?
Qué obligación asume la administración pública?
Qué función cumple el gobierno central?",1
215,"Que funciones tiene el consejo de carreras?
Qué cometidos tiene la junta académica?
Qué responsabilidades tiene el comité de estudios?",-1
216,"Qué pasa en caso de empate?
¿Qué medidas se toman en caso de igualdad de resultados?
¿Cómo se resuelve la situación cuando hay un empate?",1
217,"Cuando se realiza el escrutinio?
¿En qué momento tiene lugar la revisión?
¿Cuándo se lleva a cabo la auditoría?",1
218,"Qué debe hacerse para ser oficializada una postulación?
¿Qué trámites se deben cumplir para que una solicitud sea aprobada?
¿Cómo se procede para la aprobación de un ingreso?",-1
219,"Como es la emisión de voto?
Cómo se realiza el proceso de votación?
Cómo se lleva a cabo la elección?",3
220,"Como se constituye la junta electoral?
Cómo se forma la comisión electoral?
Cómo se organiza el consejo electoral?",3
221,"Como es la elección de responsables?
Cómo se seleccionan los encargados?
Cómo se designan los representantes?",5
222,"Cuales son las funciones del responsable?
¿Cuáles son los deberes y responsabilidades del encargado?
¿Qué tareas realiza el coordinador?",-1
223,"Como es la actividad del responsable suplente?
Cómo se desempeña el encargado suplente?
Cómo actúa el sustituto titular?",1
224,"Cuanto tiempo duran los responsables en sus funciones?
¿Hasta qué momento permanecen en sus cargos los titulares de dichas posiciones?
¿Qué plazo tiene un titular para desempeñar su función?",3
225,"Que se requiere para ser electo como responsable ?
¿Qué condiciones son necesarias para ser elegido como titular del cargo?
¿Cuáles son los requisitos mínimos para ser seleccionado como encargado?",-1
226,"Cuantos responsables hay por cada carrera?
¿Cuántos encargados hay por cada programa académico?
¿Qué cantidad de coordinadores tiene cada departamento?",6
227,"Con cuanta antelación se presenta la tesis?
Con cuanta anticipación se entrega el trabajo final?
Con cuanta previa notificación se somete a evaluación el proyecto académico?",-1
228,"Qué normas se deben tener en cuenta para la presentación de tesis?
Qué requisitos legales y administrativos son aplicables a la entrega de trabajos académicos?
Qué procedimientos universitarios deben seguirse al presentar investigaciones doctorales?",-1
229,"Que funciones tiene la secretaría académica?
¿Cuáles son las responsabilidades de la oficina administrativa académica?
¿Qué tareas realiza el departamento de asuntos académicos?",5
230,"Quienes pueden fungir como asesores de tesis?
Quienes pueden desempeñar el papel de directores de investigación?
Quienes pueden actuar como guías académicos?",2
231,"Qué tiene como responsabilidad el director de tesis?
¿Cuáles son las funciones del supervisor de investigación en la facultad?
¿A quién corresponde la supervisión de un estudiante de posgrado según el reglamento universitario?",4
232,"Cuales son las funciones del director de tesis?
¿Cuáles son los deberes y responsabilidades del supervisor de investigación?
¿Qué tareas realiza el responsable de la dirección de tesis?",4
233,"Que pasa cuando el alumno decide cambiar de tema?
¿Qué sucede cuando el estudiante decide cambiar de asignatura?
¿Qué procedimiento se sigue cuando un alumno desea cambiar de curso?",1
234,"Qué produce un estudiante que elabora una tesis en la universidad Autónoma de Entre Ríos?
Qué consecuencias tiene para un alumno realizar un trabajo de investigación en la Universidad Nacional del Litoral?
Qué efecto tiene sobre un graduado que presenta un proyecto de investigación en la Universidad de Buenos Aires?",5
235,"Qué se observa para la aprobación de la propuesta de tesis?
Qué se verifica para la validación del plan de investigación?
Qué se analiza para la aprobación del proyecto académico?",1
236,"Quien establece el número máximo de integrantes para la presentación de la tesis?
¿Quién determina el límite máximo de miembros para la presentación de la investigación doctoral?
¿Qué autoridad fija el número máximo de participantes para la defensa de la tesis?",1
237,"Cuales son los tipos principales de tesis?
Cuáles son los géneros fundamentales de investigación académica?
Cuáles son los temas centrales de la producción intelectual?",9
238,"Que tiene por finalidad la tesis?
¿Cuál es el propósito principal del trabajo de investigación?
¿A qué objetivo se orienta la elaboración de un proyecto académico?",2
239,"Con quien se acuerda el plazo de entrega del trabajo final?
Con qué persona se establece la fecha límite para la presentación del proyecto final?
Con quién se coordina la fecha de entrega del documento final.",7
240,"Quien resuelve la incorporación de adscriptos a una cátedra o proyecto?
Quién es responsable de la admisión de colaboradores a un curso o investigación?
Quién se encarga de la integración de becarios en un programa académico o proyecto de investigación?",3
241,"Qué constituye la condición de adscripto?
¿Cuáles son los requisitos para ser considerado un estudiante asociado?
¿Qué define a un alumno matriculado en condición de adscripción?",2
242,"Que puede hacer el consejo directivo?
Qué acciones pueden realizar los miembros del comité ejecutivo?
Qué decisiones pueden tomar la junta administrativa?",9
243,"Que tienen a cargo el rector, decano y los directores?
¿Qué responsabilidades tienen el presidente, el jefe del departamento y los coordinadores?
¿Qué tareas están asignadas al director, el vicerrector y los gerentes?",-1
244,"Que se entiende por bienes de la universidad?
¿Qué se consideran activos institucionales dentro del ámbito académico y administrativo de la universidad?
¿Qué se incluye en el concepto de patrimonio universitario?",1
245,"Que es lo que fomenta la universidad
¿Qué valores promueve la institución académica?
¿Cuáles son los principios que impulsan el desarrollo de la comunidad universitaria?",4
246,"Que tiene como funciones el consejo de investigadores?
¿Cuáles son las responsabilidades del comité de investigación en la institución académica?
¿Qué objetivos y tareas cumplen los miembros del consejo de investigación?",2
247,"Que condiciones de realización de docencia reconoce la universidad?
Qué requisitos para impartir clases admite la institución académica?
Qué normas de enseñanza y capacitación son aceptadas por la facultad?",2
248,"Quien puede ser alumno vocacional?
¿Quién es un estudiante vocacional?
¿Qué tipo de estudiante puede cursar programas vocacionales?",2
249,"Cual es el objetivo de instituir becas?
¿Cuál es la finalidad de otorgar subvenciones académicas?
¿A qué se refiere con la concesión de ayudas económicas?",7
250,"Que tienen por funciones los profesores titulares y asociados?
¿Qué responsabilidades desempeñan los docentes con título y cargo en la institución académica?
¿Cuáles son las tareas asignadas a los catedráticos y profesores adjuntos dentro del marco universitario?",8
251,"Cual es la definicion del monto de inversion publica en educacion? 
¿Cuál es la definición del aporte presupuestal destinado a la educación?
¿Qué significa el concepto de inversión pública en educación financiera?",1
252,"A que se dedica El Consejo Federal de Cultura y Educación?
¿A qué órgano gubernamental corresponde la responsabilidad de El Consejo Federal de Cultura y Educación?
¿Cuál es el propósito principal del organismo denominado El Consejo Federal de Cultura y Educación?",4
253,"Que debera realizar el Porder Ejecutivo Nacional?
Qué acciones debe llevar a cabo el Gobierno Central?
Qué responsabilidades tiene la Administración Superior?",9
254,"De que se deben encargar los padres o tutores de los alumnos/as?
¿Qué responsabilidades tienen los progenitores o custodios de los estudiantes en la institución universitaria?

¿Qué obligaciones asumen los padres o representantes legales de los estudiantes en el contexto académico y administrativo de la facultad?",1
255,"Que proposito tiene la universidad?
¿Cuál es el objetivo principal de la institución académica?
¿A qué fin se orienta la actividad educativa y administrativa de la universidad?",-1
256,"Que fin tiene la Educacion Inicial?
¿Cuál es el propósito de la Educación Inicial en nuestra institución universitaria?
¿A qué objetivo se orienta la Educación Inicial dentro del marco académico de nuestra facultad?",-1
257,"Que nos asegura el sistema educativo a todos los habitantes del pais?
¿Qué garantiza la institución educativa a toda la población nacional?
¿Qué proporciona el sistema académico a todas las personas residentes en el país?",1
258,"Como se conforma la estructura del sistema educativo?
Cómo está organizada la estructura del plan de estudios?
Cómo funciona el esquema académico de la institución.",-1
259,"Quien controla el cumplimiento de la política educativa?
¿Quién garantiza el cumplimiento de la normativa académica?
¿Qué entidad supervisa el cumplimiento de los procedimientos universitarios?",-1
260,"Como se elige a los docentes integrantes del consejo de carreras?
Cómo se seleccionan los profesores miembros del consejo académico?
Cómo se designa a los educadores integrantes del comité de carrera?",3
261,"De que manera se oficializa una postulacion?
Cómo se registra formalmente una solicitud de admisión?
Cómo se da curso a un proceso de inscripción?",-1
262,"Quienes seran electores?
¿Quiénes tendrán derecho a emitir su voto en la elección?
¿Quién podrá participar como votante?",-1
263,"Como se elige el Responsable de carrera?
Cómo se selecciona el Coordinador académico de la carrera?
Cómo se designa al Director de carrera?",-1
264,"Cuales son los requisitos para ser electo Responsable de Carrera?
¿Qué condiciones deben cumplirse para ser elegido como Director de Carrera?
¿Cuáles son los criterios necesarios para ser seleccionado como Coordinador Académico?",3
265,"Quien administra el proceso de la tesis?
¿Quién es responsable del manejo del proceso de la tesis?
¿A quién corresponde la supervisión del procedimiento de la tesis?",-1
266,"Que funcion cumplen los asesores de tesis?
¿Qué papel desempeñan los directores de investigación en el proceso de elaboración de la tesis?
¿A qué responsabilidades se enfrentan los tutores académicos en relación con las tesis presentadas?",6
267,"Como se realizan avances y modificaciones en el proyecto original de investigacion y tesis?
Cómo se llevan a cabo ajustes y cambios en el plan inicial de investigación y disertación?
Cómo se efectúan mejoras y alteraciones en el diseño original de investigación y tesis doctoral?",-1
268,"Puede el alumno cambiar el tema de su tesis?
Puede el estudiante modificar la temática de su investigación doctoral?
Puede el candidato alterar el objeto de estudio de su disertación?",1
269,"Que tipo de tesis pueden desarrollar los alumnos?
Qué tipo de trabajos de investigación pueden realizar los estudiantes?
Qué tipo de proyectos académicos pueden llevar a cabo los alumnos?",-1
270,"Cual es el objetivo de la tesis?
¿Cuál es el propósito de la investigación doctoral?
¿A qué se refiere la finalidad del trabajo de investigación?",1
271,"Que sanciones pueden sufrir los Estudiantes de la Universidad por causas de inconducta? 
¿Qué medidas disciplinarias pueden aplicarse a los Alumnos de la Institución por motivos de mala conducta?
¿Qué consecuencias pueden enfrentar los Estudiantes de la Facultad por razones de indisciplina?",1
272,"Que cargos tienen incompatibilidades en su ejercicio?
¿Qué funciones dentro de la institución universitaria están sujetas a restricciones en su desempeño?
¿Cuáles son los puestos académicos o administrativos que presentan incongruencias en su ejecución?",1
273,"Quien nombra y remueve al personal de la Facultas?
Quién designa y reemplaza al personal de la institución académica?
Quién selecciona y retira al personal de la universidad?",-1
274,"Para que se permite utilizar el fondo Universitario?
Para qué propósito se autoriza la utilización del patrimonio institucional?
Para qué fines se permite acceder al tesoro universitario?",1
275,"Para que no se permite utilizar el fondo Universitario?
¿En qué circunstancias no está permitido acceder al patrimonio Institucional?
¿Cuándo no es válido utilizar los recursos de la Universidad?",3
276,"Como se constituyen los bienes de la facultad?
¿Cómo se forman los activos de la institución académica?
¿Qué es el procedimiento para la creación de los recursos materiales de la universidad?",-1
277,"Como se debe orientar la enseñanza?
Cómo se debe guiar la instrucción?
Cómo se deben impartir los conocimientos?",3
278,"A que esta habilitado un alumno vocacional?
A qué está autorizado un estudiante de carrera?
A qué tiene acceso un joven universitario?",2
279,"Aque se debe la entrega becas la Universidad?
¿Qué condiciones deben cumplirse para que los estudiantes reciban subvenciones de la institución académica?
¿Cuáles son los requisitos para que los alumnos perciban ayudas económicas por parte de la universidad?",4
280,"Que elige el Cuerpo de Estudiantes?
Qué decide la Asamblea de Alumnos?
Qué determina el Consejo Estudiantil?",8
281,"Cuales son los requisitos para ser Consejero Estudiante?
¿Qué condiciones debe cumplir un estudiante para ser elegido como Representante del Alumnado?
¿Cuáles son los criterios de selección para un estudiante que aspira a ocupar el cargo de Asesor Académico?",7
282,"Quien esta a cargo de propender los fines del Estatuto?
¿Quién es responsable de promover y defender los objetivos del Estatuto?
¿A quién corresponde impulsar y proteger los propósitos del Estatuto?",5
283,"Que funciones tendran los profesores titulares y asociados?
¿Qué responsabilidades asumirán los docentes con rango y categoría académica en la institución universitaria?
¿Cuáles serán las tareas asignadas a los catedráticos y profesores adjuntos dentro del marco de la facultad?",4
284,"Quien puede gozar de un año de licencia para realizar actividades academicas?
¿A quién se otorga permiso para disfrutar de un período de descanso académico durante doce meses?
¿Qué individuos pueden aprovechar un año sabático para dedicarse a estudios o investigaciones?",6
285,"Como se garantiza la actualizacion y perfeccionamiento del cuerpo docente?
Cómo se asegura la actualización y mejora continua del profesorado?
Cómo se garantiza el desarrollo profesional y capacitación permanente de los académicos?",1
286,"Como se elige el Decano y Vicedecano?
Cómo se selecciona al Director Académico y Subdirector Académico?
Cómo se designan los Directores Departamentales?",-1
287,"Como se procede en caso que ningún candidato alcanzare tal mayoría absoluta de votos?
¿Cómo se maneja la situación si no hay un ganador con una mayoría absoluta de votaciones?
¿Qué medidas se toman cuando ninguno de los candidatos logra obtener la mayoría requerida de votos?",1
288,"Cuales son obligaciones de la facultad?
¿Cuáles son los deberes de la institución académica?
¿Qué responsabilidades tiene el cuerpo docente?",-1
289,"Cuales son las diferentes modalidades del sistema educativo?
¿Qué tipos de programas académicos ofrece la institución?
¿Cuáles son los diversos formatos de enseñanza y aprendizaje disponibles?",5
290,"Como se debe proceder para la creación de nuevas carreras o cambios en las ya existentes?
Cómo se deben implementar nuevos programas académicos o modificaciones a los actuales?
Cómo se deben tramitar solicitudes para la introducción de nuevas especializaciones o ajustes en las existentes?",-1
291,"Cuales son los niveles del Sistema Educativo Provincial?
¿Cuáles son las categorías del Sistema Educativo Provincial?
¿Qué escalas componen el Sistema Educativo Provincial?",1
292,"Que carateristicas tiene el Sistema Educativo Provincial?
¿Cuáles son las características del Plan Educativo Departamental?
¿Qué especificaciones tiene el Modelo Educativo Regional?",1
293,"Mediante que propuestas el Estado Provincial asegura la obligatoriedad?
A través de qué resoluciones el Estado Provincial garantiza la obliguedad?
A través de cuáles declaraciones el Estado Provincial establece la obligación?",1
294,"Que abarca la obligatoriedad escolar?
¿Qué comprende la exigencia académica?
¿A qué se refiere la carga curricular?",1
295,"Como se finanza el sistema educativo?
Cómo se cubre el presupuesto del plan de estudios?
Cómo se asigna la inversión para la estructura académica.",-1
296,"Cual es la responsabilidad principal del Estado Provincial?
¿Cuál es la función primordial del Gobierno Provincial en relación con la institución universitaria?
¿Qué papel tiene el Poder Ejecutivo Provincial en la gestión y administración de la facultad?",-1
297,"Que sucede cuando una carrera no obtiene su acreditacion necesaria?
¿Qué consecuencias tiene para la institución que una carrera pierda su reconocimiento oficial?
¿Cómo afecta el prestigio de la universidad si una de sus programas académicos no cumple con los requisitos de evaluación?",1
298,"Quienes seran los organos de coordinacion y consulta del Sistema Universitario?
¿Qué instancias son responsables de la coordinación y consulta dentro del marco académico universitario?
¿Cuáles son las estructuras de apoyo y asesoramiento que intervienen en el funcionamiento del sistema universitario?",-1
299,"Que atribuciones tiene la autonomia academica e institucional?
¿Cuáles son los alcances de la independencia académica y administrativa?
¿Qué facultades tiene el gobierno universitario en materia de toma de decisiones?",-1
300,"Cuales son los deberes de los docentes de las instituciones estatales de educación superior?
¿Cuáles son las responsabilidades de los profesores en las universidades públicas?
¿Qué obligaciones tienen los académicos en las escuelas superiores estatales?",1
